{
    "name": "root",
    "gauges": {
        "PushButton.Policy.Entropy.mean": {
            "value": 2.2662124633789062,
            "min": 2.2662124633789062,
            "max": 2.2662124633789062,
            "count": 1
        },
        "PushButton.Policy.Entropy.sum": {
            "value": 24128.36328125,
            "min": 24128.36328125,
            "max": 24128.36328125,
            "count": 1
        },
        "PushButton.Environment.EpisodeLength.mean": {
            "value": 151.859375,
            "min": 151.859375,
            "max": 151.859375,
            "count": 1
        },
        "PushButton.Environment.EpisodeLength.sum": {
            "value": 9719.0,
            "min": 9719.0,
            "max": 9719.0,
            "count": 1
        },
        "PushButton.Step.mean": {
            "value": 9941.0,
            "min": 9941.0,
            "max": 9941.0,
            "count": 1
        },
        "PushButton.Step.sum": {
            "value": 9941.0,
            "min": 9941.0,
            "max": 9941.0,
            "count": 1
        },
        "PushButton.Policy.ExtrinsicValueEstimate.mean": {
            "value": 0.16500362753868103,
            "min": 0.16500362753868103,
            "max": 0.16500362753868103,
            "count": 1
        },
        "PushButton.Policy.ExtrinsicValueEstimate.sum": {
            "value": 18.31540298461914,
            "min": 18.31540298461914,
            "max": 18.31540298461914,
            "count": 1
        },
        "PushButton.Policy.GailValueEstimate.mean": {
            "value": 5.598249435424805,
            "min": 5.598249435424805,
            "max": 5.598249435424805,
            "count": 1
        },
        "PushButton.Policy.GailValueEstimate.sum": {
            "value": 621.4057006835938,
            "min": 621.4057006835938,
            "max": 621.4057006835938,
            "count": 1
        },
        "PushButton.Environment.CumulativeReward.mean": {
            "value": 3.0952380952380953,
            "min": 3.0952380952380953,
            "max": 3.0952380952380953,
            "count": 1
        },
        "PushButton.Environment.CumulativeReward.sum": {
            "value": 195.0,
            "min": 195.0,
            "max": 195.0,
            "count": 1
        },
        "PushButton.Policy.ExtrinsicReward.mean": {
            "value": 3.0952380952380953,
            "min": 3.0952380952380953,
            "max": 3.0952380952380953,
            "count": 1
        },
        "PushButton.Policy.ExtrinsicReward.sum": {
            "value": 195.0,
            "min": 195.0,
            "max": 195.0,
            "count": 1
        },
        "PushButton.Policy.GailReward.mean": {
            "value": 42.39182636136972,
            "min": 42.39182636136972,
            "max": 42.39182636136972,
            "count": 1
        },
        "PushButton.Policy.GailReward.sum": {
            "value": 2670.6850607662927,
            "min": 2670.6850607662927,
            "max": 2670.6850607662927,
            "count": 1
        },
        "PushButton.Losses.PolicyLoss.mean": {
            "value": 0.049623382588943395,
            "min": 0.049623382588943395,
            "max": 0.049623382588943395,
            "count": 1
        },
        "PushButton.Losses.PolicyLoss.sum": {
            "value": 0.44661044330049054,
            "min": 0.44661044330049054,
            "max": 0.44661044330049054,
            "count": 1
        },
        "PushButton.Losses.ValueLoss.mean": {
            "value": 45.54701252336855,
            "min": 45.54701252336855,
            "max": 45.54701252336855,
            "count": 1
        },
        "PushButton.Losses.ValueLoss.sum": {
            "value": 409.92311271031696,
            "min": 409.92311271031696,
            "max": 409.92311271031696,
            "count": 1
        },
        "PushButton.Policy.LearningRate.mean": {
            "value": 0.0002967010677663111,
            "min": 0.0002967010677663111,
            "max": 0.0002967010677663111,
            "count": 1
        },
        "PushButton.Policy.LearningRate.sum": {
            "value": 0.0026703096098967998,
            "min": 0.0026703096098967998,
            "max": 0.0026703096098967998,
            "count": 1
        },
        "PushButton.Policy.Epsilon.mean": {
            "value": 0.1989003555555556,
            "min": 0.1989003555555556,
            "max": 0.1989003555555556,
            "count": 1
        },
        "PushButton.Policy.Epsilon.sum": {
            "value": 1.7901032000000003,
            "min": 1.7901032000000003,
            "max": 1.7901032000000003,
            "count": 1
        },
        "PushButton.Policy.Beta.mean": {
            "value": 0.0005000000000000001,
            "min": 0.0005000000000000001,
            "max": 0.0005000000000000001,
            "count": 1
        },
        "PushButton.Policy.Beta.sum": {
            "value": 0.004500000000000001,
            "min": 0.004500000000000001,
            "max": 0.004500000000000001,
            "count": 1
        },
        "PushButton.Policy.GAILPolicyEstimate.mean": {
            "value": 0.5094310230127088,
            "min": 0.5094310230127088,
            "max": 0.5094310230127088,
            "count": 1
        },
        "PushButton.Policy.GAILPolicyEstimate.sum": {
            "value": 4.584879207114379,
            "min": 4.584879207114379,
            "max": 4.584879207114379,
            "count": 1
        },
        "PushButton.Policy.GAILExpertEstimate.mean": {
            "value": 0.5662516863257796,
            "min": 0.5662516863257796,
            "max": 0.5662516863257796,
            "count": 1
        },
        "PushButton.Policy.GAILExpertEstimate.sum": {
            "value": 5.096265176932016,
            "min": 5.096265176932016,
            "max": 5.096265176932016,
            "count": 1
        },
        "PushButton.Losses.GAILLoss.mean": {
            "value": 1.659620648180997,
            "min": 1.659620648180997,
            "max": 1.659620648180997,
            "count": 1
        },
        "PushButton.Losses.GAILLoss.sum": {
            "value": 14.936585833628973,
            "min": 14.936585833628973,
            "max": 14.936585833628973,
            "count": 1
        },
        "PushButton.Policy.GAILGradMagLoss.mean": {
            "value": 7.405698776245117,
            "min": 7.405698776245117,
            "max": 7.405698776245117,
            "count": 1
        },
        "PushButton.Policy.GAILGradMagLoss.sum": {
            "value": 66.65128898620605,
            "min": 66.65128898620605,
            "max": 66.65128898620605,
            "count": 1
        },
        "PushButton.Losses.PretrainingLoss.mean": {
            "value": 0.6168316579469231,
            "min": 0.6168316579469231,
            "max": 0.6168316579469231,
            "count": 1
        },
        "PushButton.Losses.PretrainingLoss.sum": {
            "value": 5.551484921522308,
            "min": 5.551484921522308,
            "max": 5.551484921522308,
            "count": 1
        },
        "PushButton.IsTraining.mean": {
            "value": 1.0,
            "min": 1.0,
            "max": 1.0,
            "count": 1
        },
        "PushButton.IsTraining.sum": {
            "value": 1.0,
            "min": 1.0,
            "max": 1.0,
            "count": 1
        }
    },
    "metadata": {
        "timer_format_version": "0.1.0",
        "start_time_seconds": "1696942594",
        "python_version": "3.9.13 (tags/v3.9.13:6de2ca5, May 17 2022, 16:36:42) [MSC v.1929 64 bit (AMD64)]",
        "command_line_arguments": "C:\\GameDev\\Unity\\MLAgents\\ML-Agents_Imitation_Learning\\ML-Agents Imitation Learning\\venv\\Scripts\\mlagents-learn Config/PushButtonAgent_Config.yaml --run-id=Test4",
        "mlagents_version": "0.30.0",
        "mlagents_envs_version": "0.30.0",
        "communication_protocol_version": "1.5.0",
        "pytorch_version": "2.1.0+cpu",